[{"font-family":"\"Abel\", sans-serif","font-name":"Abel","css-name":"Abel","google":1},{"font-family":"\"Abril Fatface\", cursive","font-name":"Abril Fatface","css-name":"Abril+Fatface","google":1},{"font-family":"\"Aclonica\", sans-serif","font-name":"Aclonica","css-name":"Aclonica","google":1},{"font-family":"\"Actor\", sans-serif","font-name":"Actor","css-name":"Actor","google":1},{"font-family":"\"Adamina\", serif","font-name":"Adamina","css-name":"Adamina","google":1},{"font-family":"\"Aguafina Script\", cursive","font-name":"Aguafina Script","css-name":"Aguafina+Script","google":1},{"font-family":"\"Aladin\", cursive","font-name":"Aladin","css-name":"Aladin","google":1},{"font-family":"\"Aldrich\", sans-serif","font-name":"Aldrich","css-name":"Aldrich","google":1},{"font-family":"\"Alice\", serif","font-name":"Alice","css-name":"Alice","google":1},{"font-family":"\"Alike Angular\", serif","font-name":"Alike Angular","css-name":"Alike+Angular","google":1},{"font-family":"\"Alike\", serif","font-name":"Alike","css-name":"Alike","google":1},{"font-family":"\"Allan\", cursive","font-name":"Allan","css-name":"Allan","google":1},{"font-family":"\"Allerta Stencil\", sans-serif","font-name":"Allerta Stencil","css-name":"Allerta+Stencil","google":1},{"font-family":"\"Allerta\", sans-serif","font-name":"Allerta","css-name":"Allerta","google":1},{"font-family":"\"Amaranth\", sans-serif","font-name":"Amaranth","css-name":"Amaranth","google":1},{"font-family":"\"Amatic SC\", cursive","font-name":"Amatic SC","css-name":"Amatic+SC","google":1},{"font-family":"\"Andada\", serif","font-name":"Andada","css-name":"Andada","google":1},{"font-family":"\"Andika\", sans-serif","font-name":"Andika","css-name":"Andika","google":1},{"font-family":"\"Annie Use Your Telescope\", cursive","font-name":"Annie Use Your Telescope","css-name":"Annie+Use+Your+Telescope","google":1},{"font-family":"\"Anonymous Pro\", sans-serif","font-name":"Anonymous Pro","css-name":"Anonymous+Pro","google":1},{"font-family":"\"Antic\", sans-serif","font-name":"Antic","css-name":"Antic","google":1},{"font-family":"\"Anton\", sans-serif","font-name":"Anton","css-name":"Anton","google":1},{"font-family":"\"Arapey\", serif","font-name":"Arapey","css-name":"Arapey","google":1},{"font-family":"\"Architects Daughter\", cursive","font-name":"Architects Daughter","css-name":"Architects+Daughter","google":1},{"font-family":"\"Arimo\", sans-serif","font-name":"Arimo","css-name":"Arimo","google":1},{"font-family":"\"Artifika\", serif","font-name":"Artifika","css-name":"Artifika","google":1},{"font-family":"\"Arvo\", serif","font-name":"Arvo","css-name":"Arvo","google":1},{"font-family":"\"Asset\", cursive","font-name":"Asset","css-name":"Asset","google":1},{"font-family":"\"Astloch\", cursive","font-name":"Astloch","css-name":"Astloch","google":1},{"font-family":"\"Atomic Age\", cursive","font-name":"Atomic Age","css-name":"Atomic+Age","google":1},{"font-family":"\"Aubrey\", cursive","font-name":"Aubrey","css-name":"Aubrey","google":1},{"font-family":"\"Bangers\", cursive","font-name":"Bangers","css-name":"Bangers","google":1},{"font-family":"\"Bentham\", serif","font-name":"Bentham","css-name":"Bentham","google":1},{"font-family":"\"Bevan\", serif","font-name":"Bevan","css-name":"Bevan","google":1},{"font-family":"\"Bigshot One\", cursive","font-name":"Bigshot One","css-name":"Bigshot+One","google":1},{"font-family":"\"Bitter\", serif","font-name":"Bitter","css-name":"Bitter","google":1},{"font-family":"\"Black Ops One\", cursive","font-name":"Black Ops One","css-name":"Black+Ops+One","google":1},{"font-family":"\"Bowlby One SC\", sans-serif","font-name":"Bowlby One SC","css-name":"Bowlby+One+SC","google":1},{"font-family":"\"Bowlby One\", sans-serif","font-name":"Bowlby One","css-name":"Bowlby+One","google":1},{"font-family":"\"Brawler\", serif","font-name":"Brawler","css-name":"Brawler","google":1},{"font-family":"\"Bubblegum Sans\", cursive","font-name":"Bubblegum Sans","css-name":"Bubblegum+Sans","google":1},{"font-family":"\"Buda\", sans-serif","font-name":"Buda","css-name":"Buda","google":1},{"font-family":"\"Butcherman Caps\", cursive","font-name":"Butcherman Caps","css-name":"Butcherman+Caps","google":1},{"font-family":"\"Cabin Condensed\", sans-serif","font-name":"Cabin Condensed","css-name":"Cabin+Condensed","google":1},{"font-family":"\"Cabin Sketch\", cursive","font-name":"Cabin Sketch","css-name":"Cabin+Sketch","google":1},{"font-family":"\"Cabin\", sans-serif","font-name":"Cabin","css-name":"Cabin","google":1},{"font-family":"\"Cagliostro\", sans-serif","font-name":"Cagliostro","css-name":"Cagliostro","google":1},{"font-family":"\"Calligraffitti\", cursive","font-name":"Calligraffitti","css-name":"Calligraffitti","google":1},{"font-family":"\"Candal\", sans-serif","font-name":"Candal","css-name":"Candal","google":1},{"font-family":"\"Cantarell\", sans-serif","font-name":"Cantarell","css-name":"Cantarell","google":1},{"font-family":"\"Cardo\", serif","font-name":"Cardo","css-name":"Cardo","google":1},{"font-family":"\"Carme\", sans-serif","font-name":"Carme","css-name":"Carme","google":1},{"font-family":"\"Carter One\", sans-serif","font-name":"Carter One","css-name":"Carter+One","google":1},{"font-family":"\"Caudex\", serif","font-name":"Caudex","css-name":"Caudex","google":1},{"font-family":"\"Cedarville Cursive\", cursive","font-name":"Cedarville Cursive","css-name":"Cedarville+Cursive","google":1},{"font-family":"\"Changa One\", cursive","font-name":"Changa One","css-name":"Changa+One","google":1},{"font-family":"\"Cherry Cream Soda\", cursive","font-name":"Cherry Cream Soda","css-name":"Cherry+Cream+Soda","google":1},{"font-family":"\"Chewy\", cursive","font-name":"Chewy","css-name":"Chewy","google":1},{"font-family":"\"Chicle\", cursive","font-name":"Chicle","css-name":"Chicle","google":1},{"font-family":"\"Chivo\", sans-serif","font-name":"Chivo","css-name":"Chivo","google":1},{"font-family":"\"Coda Caption\", sans-serif","font-name":"Coda Caption","css-name":"Coda+Caption","google":1},{"font-family":"\"Coda\", cursive","font-name":"Coda","css-name":"Coda","google":1},{"font-family":"\"Comfortaa\", cursive","font-name":"Comfortaa","css-name":"Comfortaa","google":1},{"font-family":"\"Coming Soon\", cursive","font-name":"Coming Soon","css-name":"Coming+Soon","google":1},{"font-family":"\"Contrail One\", cursive","font-name":"Contrail One","css-name":"Contrail+One","google":1},{"font-family":"\"Convergence\", sans-serif","font-name":"Convergence","css-name":"Convergence","google":1},{"font-family":"\"Cookie\", cursive","font-name":"Cookie","css-name":"Cookie","google":1},{"font-family":"\"Copse\", serif","font-name":"Copse","css-name":"Copse","google":1},{"font-family":"\"Corben\", cursive","font-name":"Corben","css-name":"Corben","google":1},{"font-family":"\"Cousine\", sans-serif","font-name":"Cousine","css-name":"Cousine","google":1},{"font-family":"\"Coustard\", serif","font-name":"Coustard","css-name":"Coustard","google":1},{"font-family":"\"Covered By Your Grace\", cursive","font-name":"Covered By Your Grace","css-name":"Covered+By+Your+Grace","google":1},{"font-family":"\"Crafty Girls\", cursive","font-name":"Crafty Girls","css-name":"Crafty+Girls","google":1},{"font-family":"\"Creepster Caps\", cursive","font-name":"Creepster Caps","css-name":"Creepster+Caps","google":1},{"font-family":"\"Crimson Text\", serif","font-name":"Crimson Text","css-name":"Crimson+Text","google":1},{"font-family":"\"Crushed\", cursive","font-name":"Crushed","css-name":"Crushed","google":1},{"font-family":"\"Cuprum\", sans-serif","font-name":"Cuprum","css-name":"Cuprum","google":1},{"font-family":"\"Damion\", cursive","font-name":"Damion","css-name":"Damion","google":1},{"font-family":"\"Dancing Script\", cursive","font-name":"Dancing Script","css-name":"Dancing+Script","google":1},{"font-family":"\"Dawning of a New Day\", cursive","font-name":"Dawning of a New Day","css-name":"Dawning+of+a+New+Day","google":1},{"font-family":"\"Days One\", sans-serif","font-name":"Days One","css-name":"Days+One","google":1},{"font-family":"\"Delius Swash Caps\", cursive","font-name":"Delius Swash Caps","css-name":"Delius+Swash+Caps","google":1},{"font-family":"\"Delius Unicase\", cursive","font-name":"Delius Unicase","css-name":"Delius+Unicase","google":1},{"font-family":"\"Delius\", cursive","font-name":"Delius","css-name":"Delius","google":1},{"font-family":"\"Devonshire\", cursive","font-name":"Devonshire","css-name":"Devonshire","google":1},{"font-family":"\"Didact Gothic\", sans-serif","font-name":"Didact Gothic","css-name":"Didact+Gothic","google":1},{"font-family":"\"Dorsa\", sans-serif","font-name":"Dorsa","css-name":"Dorsa","google":1},{"font-family":"\"Dr Sugiyama\", cursive","font-name":"Dr Sugiyama","css-name":"Dr+Sugiyama","google":1},{"font-family":"\"Droid Sans Mono\", sans-serif","font-name":"Droid Sans Mono","css-name":"Droid+Sans+Mono","google":1},{"font-family":"\"Droid Sans\", sans-serif","font-name":"Droid Sans","css-name":"Droid+Sans","google":1},{"font-family":"\"Droid Serif\", serif","font-name":"Droid Serif","css-name":"Droid+Serif","google":1},{"font-family":"\"EB Garamond\", serif","font-name":"EB Garamond","css-name":"EB+Garamond","google":1},{"font-family":"\"Eater Caps\", cursive","font-name":"Eater Caps","css-name":"Eater+Caps","google":1},{"font-family":"\"Expletus Sans\", cursive","font-name":"Expletus Sans","css-name":"Expletus+Sans","google":1},{"font-family":"\"Fanwood Text\", serif","font-name":"Fanwood Text","css-name":"Fanwood+Text","google":1},{"font-family":"\"Federant\", cursive","font-name":"Federant","css-name":"Federant","google":1},{"font-family":"\"Federo\", sans-serif","font-name":"Federo","css-name":"Federo","google":1},{"font-family":"\"Fjord One\", serif","font-name":"Fjord One","css-name":"Fjord+One","google":1},{"font-family":"\"Fondamento\", cursive","font-name":"Fondamento","css-name":"Fondamento","google":1},{"font-family":"\"Fontdiner Swanky\", cursive","font-name":"Fontdiner Swanky","css-name":"Fontdiner+Swanky","google":1},{"font-family":"\"Forum\", cursive","font-name":"Forum","css-name":"Forum","google":1},{"font-family":"\"Francois One\", sans-serif","font-name":"Francois One","css-name":"Francois+One","google":1},{"font-family":"\"Gentium Basic\", serif","font-name":"Gentium Basic","css-name":"Gentium+Basic","google":1},{"font-family":"\"Gentium Book Basic\", serif","font-name":"Gentium Book Basic","css-name":"Gentium+Book+Basic","google":1},{"font-family":"\"Geo\", sans-serif","font-name":"Geo","css-name":"Geo","google":1},{"font-family":"\"Geostar Fill\", cursive","font-name":"Geostar Fill","css-name":"Geostar+Fill","google":1},{"font-family":"\"Geostar\", cursive","font-name":"Geostar","css-name":"Geostar","google":1},{"font-family":"\"Give You Glory\", cursive","font-name":"Give You Glory","css-name":"Give+You+Glory","google":1},{"font-family":"\"Gloria Hallelujah\", cursive","font-name":"Gloria Hallelujah","css-name":"Gloria+Hallelujah","google":1},{"font-family":"\"Goblin One\", cursive","font-name":"Goblin One","css-name":"Goblin+One","google":1},{"font-family":"\"Gochi Hand\", cursive","font-name":"Gochi Hand","css-name":"Gochi+Hand","google":1},{"font-family":"\"Goudy Bookletter 1911\", serif","font-name":"Goudy Bookletter 1911","css-name":"Goudy+Bookletter+1911","google":1},{"font-family":"\"Gravitas One\", cursive","font-name":"Gravitas One","css-name":"Gravitas+One","google":1},{"font-family":"\"Gruppo\", sans-serif","font-name":"Gruppo","css-name":"Gruppo","google":1},{"font-family":"\"Hammersmith One\", sans-serif","font-name":"Hammersmith One","css-name":"Hammersmith+One","google":1},{"font-family":"\"Herr Von Muellerhoff\", cursive","font-name":"Herr Von Muellerhoff","css-name":"Herr+Von+Muellerhoff","google":1},{"font-family":"\"Holtwood One SC\", serif","font-name":"Holtwood One SC","css-name":"Holtwood+One+SC","google":1},{"font-family":"\"Homemade Apple\", cursive","font-name":"Homemade Apple","css-name":"Homemade+Apple","google":1},{"font-family":"\"IM Fell DW Pica SC\", serif","font-name":"IM Fell DW Pica SC","css-name":"IM+Fell+DW+Pica+SC","google":1},{"font-family":"\"IM Fell DW Pica\", serif","font-name":"IM Fell DW Pica","css-name":"IM+Fell+DW+Pica","google":1},{"font-family":"\"IM Fell Double Pica SC\", serif","font-name":"IM Fell Double Pica SC","css-name":"IM+Fell+Double+Pica+SC","google":1},{"font-family":"\"IM Fell Double Pica\", serif","font-name":"IM Fell Double Pica","css-name":"IM+Fell+Double+Pica","google":1},{"font-family":"\"IM Fell English SC\", serif","font-name":"IM Fell English SC","css-name":"IM+Fell+English+SC","google":1},{"font-family":"\"IM Fell English\", serif","font-name":"IM Fell English","css-name":"IM+Fell+English","google":1},{"font-family":"\"IM Fell French Canon SC\", serif","font-name":"IM Fell French Canon SC","css-name":"IM+Fell+French+Canon+SC","google":1},{"font-family":"\"IM Fell French Canon\", serif","font-name":"IM Fell French Canon","css-name":"IM+Fell+French+Canon","google":1},{"font-family":"\"IM Fell Great Primer SC\", serif","font-name":"IM Fell Great Primer SC","css-name":"IM+Fell+Great+Primer+SC","google":1},{"font-family":"\"IM Fell Great Primer\", serif","font-name":"IM Fell Great Primer","css-name":"IM+Fell+Great+Primer","google":1},{"font-family":"\"Iceland\", cursive","font-name":"Iceland","css-name":"Iceland","google":1},{"font-family":"\"Inconsolata\", sans-serif","font-name":"Inconsolata","css-name":"Inconsolata","google":1},{"font-family":"\"Indie Flower\", cursive","font-name":"Indie Flower","css-name":"Indie+Flower","google":1},{"font-family":"\"Irish Grover\", cursive","font-name":"Irish Grover","css-name":"Irish+Grover","google":1},{"font-family":"\"Istok Web\", sans-serif","font-name":"Istok Web","css-name":"Istok+Web","google":1},{"font-family":"\"Jockey One\", sans-serif","font-name":"Jockey One","css-name":"Jockey+One","google":1},{"font-family":"\"Josefin Sans\", sans-serif","font-name":"Josefin Sans","css-name":"Josefin+Sans","google":1},{"font-family":"\"Josefin Slab\", serif","font-name":"Josefin Slab","css-name":"Josefin+Slab","google":1},{"font-family":"\"Judson\", serif","font-name":"Judson","css-name":"Judson","google":1},{"font-family":"\"Julee\", cursive","font-name":"Julee","css-name":"Julee","google":1},{"font-family":"\"Jura\", sans-serif","font-name":"Jura","css-name":"Jura","google":1},{"font-family":"\"Just Another Hand\", cursive","font-name":"Just Another Hand","css-name":"Just+Another+Hand","google":1},{"font-family":"\"Just Me Again Down Here\", cursive","font-name":"Just Me Again Down Here","css-name":"Just+Me+Again+Down+Here","google":1},{"font-family":"\"Kameron\", serif","font-name":"Kameron","css-name":"Kameron","google":1},{"font-family":"\"Kelly Slab\", cursive","font-name":"Kelly Slab","css-name":"Kelly+Slab","google":1},{"font-family":"\"Kenia\", sans-serif","font-name":"Kenia","css-name":"Kenia","google":1},{"font-family":"\"Knewave\", cursive","font-name":"Knewave","css-name":"Knewave","google":1},{"font-family":"\"Kranky\", cursive","font-name":"Kranky","css-name":"Kranky","google":1},{"font-family":"\"Kreon\", serif","font-name":"Kreon","css-name":"Kreon","google":1},{"font-family":"\"Kristi\", cursive","font-name":"Kristi","css-name":"Kristi","google":1},{"font-family":"\"La Belle Aurore\", cursive","font-name":"La Belle Aurore","css-name":"La+Belle+Aurore","google":1},{"font-family":"\"Lancelot\", cursive","font-name":"Lancelot","css-name":"Lancelot","google":1},{"font-family":"\"Lato\", sans-serif","font-name":"Lato","css-name":"Lato","google":1},{"font-family":"\"League Script\", cursive","font-name":"League Script","css-name":"League+Script","google":1},{"font-family":"\"Leckerli One\", cursive","font-name":"Leckerli One","css-name":"Leckerli+One","google":1},{"font-family":"\"Lekton\", sans-serif","font-name":"Lekton","css-name":"Lekton","google":1},{"font-family":"\"Lemon\", cursive","font-name":"Lemon","css-name":"Lemon","google":1},{"font-family":"\"Limelight\", cursive","font-name":"Limelight","css-name":"Limelight","google":1},{"font-family":"\"Linden Hill\", serif","font-name":"Linden Hill","css-name":"Linden+Hill","google":1},{"font-family":"\"Lobster Two\", cursive","font-name":"Lobster Two","css-name":"Lobster+Two","google":1},{"font-family":"\"Lobster\", cursive","font-name":"Lobster","css-name":"Lobster","google":1},{"font-family":"\"Lora\", serif","font-name":"Lora","css-name":"Lora","google":1},{"font-family":"\"Love Ya Like A Sister\", cursive","font-name":"Love Ya Like A Sister","css-name":"Love+Ya+Like+A+Sister","google":1},{"font-family":"\"Loved by the King\", cursive","font-name":"Loved by the King","css-name":"Loved+by+the+King","google":1},{"font-family":"\"Luckiest Guy\", cursive","font-name":"Luckiest Guy","css-name":"Luckiest+Guy","google":1},{"font-family":"\"Maiden Orange\", cursive","font-name":"Maiden Orange","css-name":"Maiden+Orange","google":1},{"font-family":"\"Mako\", sans-serif","font-name":"Mako","css-name":"Mako","google":1},{"font-family":"\"Marck Script\", cursive","font-name":"Marck Script","css-name":"Marck+Script","google":1},{"font-family":"\"Marvel\", sans-serif","font-name":"Marvel","css-name":"Marvel","google":1},{"font-family":"\"Mate SC\", serif","font-name":"Mate SC","css-name":"Mate+SC","google":1},{"font-family":"\"Mate\", serif","font-name":"Mate","css-name":"Mate","google":1},{"font-family":"\"Maven Pro\", sans-serif","font-name":"Maven Pro","css-name":"Maven+Pro","google":1},{"font-family":"\"Meddon\", cursive","font-name":"Meddon","css-name":"Meddon","google":1},{"font-family":"\"MedievalSharp\", cursive","font-name":"MedievalSharp","css-name":"MedievalSharp","google":1},{"font-family":"\"Megrim\", cursive","font-name":"Megrim","css-name":"Megrim","google":1},{"font-family":"\"Merienda One\", cursive","font-name":"Merienda One","css-name":"Merienda+One","google":1},{"font-family":"\"Merriweather\", serif","font-name":"Merriweather","css-name":"Merriweather","google":1},{"font-family":"\"Metrophobic\", sans-serif","font-name":"Metrophobic","css-name":"Metrophobic","google":1},{"font-family":"\"Michroma\", sans-serif","font-name":"Michroma","css-name":"Michroma","google":1},{"font-family":"\"Miltonian Tattoo\", cursive","font-name":"Miltonian Tattoo","css-name":"Miltonian+Tattoo","google":1},{"font-family":"\"Miltonian\", cursive","font-name":"Miltonian","css-name":"Miltonian","google":1},{"font-family":"\"Miss Fajardose\", cursive","font-name":"Miss Fajardose","css-name":"Miss+Fajardose","google":1},{"font-family":"\"Miss Saint Delafield\", cursive","font-name":"Miss Saint Delafield","css-name":"Miss+Saint+Delafield","google":1},{"font-family":"\"Modern Antiqua\", cursive","font-name":"Modern Antiqua","css-name":"Modern+Antiqua","google":1},{"font-family":"\"Molengo\", sans-serif","font-name":"Molengo","css-name":"Molengo","google":1},{"font-family":"\"Monofett\", cursive","font-name":"Monofett","css-name":"Monofett","google":1},{"font-family":"\"Monoton\", cursive","font-name":"Monoton","css-name":"Monoton","google":1},{"font-family":"\"Monsieur La Doulaise\", cursive","font-name":"Monsieur La Doulaise","css-name":"Monsieur+La+Doulaise","google":1},{"font-family":"\"Montez\", cursive","font-name":"Montez","css-name":"Montez","google":1},{"font-family":"\"Mountains of Christmas\", cursive","font-name":"Mountains of Christmas","css-name":"Mountains+of+Christmas","google":1},{"font-family":"\"Mr Bedford\", cursive","font-name":"Mr Bedford","css-name":"Mr+Bedford","google":1},{"font-family":"\"Mr Dafoe\", cursive","font-name":"Mr Dafoe","css-name":"Mr+Dafoe","google":1},{"font-family":"\"Mr De Haviland\", cursive","font-name":"Mr De Haviland","css-name":"Mr+De+Haviland","google":1},{"font-family":"\"Mrs Sheppards\", cursive","font-name":"Mrs Sheppards","css-name":"Mrs+Sheppards","google":1},{"font-family":"\"Muli\", sans-serif","font-name":"Muli","css-name":"Muli","google":1},{"font-family":"\"Neucha\", cursive","font-name":"Neucha","css-name":"Neucha","google":1},{"font-family":"\"Neuton\", serif","font-name":"Neuton","css-name":"Neuton","google":1},{"font-family":"\"News Cycle\", sans-serif","font-name":"News Cycle","css-name":"News+Cycle","google":1},{"font-family":"\"Niconne\", cursive","font-name":"Niconne","css-name":"Niconne","google":1},{"font-family":"\"Nixie One\", cursive","font-name":"Nixie One","css-name":"Nixie+One","google":1},{"font-family":"\"Nobile\", sans-serif","font-name":"Nobile","css-name":"Nobile","google":1},{"font-family":"\"Nosifer Caps\", cursive","font-name":"Nosifer Caps","css-name":"Nosifer+Caps","google":1},{"font-family":"\"Nothing You Could Do\", cursive","font-name":"Nothing You Could Do","css-name":"Nothing+You+Could+Do","google":1},{"font-family":"\"Nova Cut\", cursive","font-name":"Nova Cut","css-name":"Nova+Cut","google":1},{"font-family":"\"Nova Flat\", cursive","font-name":"Nova Flat","css-name":"Nova+Flat","google":1},{"font-family":"\"Nova Mono\", cursive","font-name":"Nova Mono","css-name":"Nova+Mono","google":1},{"font-family":"\"Nova Oval\", cursive","font-name":"Nova Oval","css-name":"Nova+Oval","google":1},{"font-family":"\"Nova Round\", cursive","font-name":"Nova Round","css-name":"Nova+Round","google":1},{"font-family":"\"Nova Script\", cursive","font-name":"Nova Script","css-name":"Nova+Script","google":1},{"font-family":"\"Nova Slim\", cursive","font-name":"Nova Slim","css-name":"Nova+Slim","google":1},{"font-family":"\"Nova Square\", cursive","font-name":"Nova Square","css-name":"Nova+Square","google":1},{"font-family":"\"Numans\", sans-serif","font-name":"Numans","css-name":"Numans","google":1},{"font-family":"\"Nunito\", sans-serif","font-name":"Nunito","css-name":"Nunito","google":1},{"font-family":"\"Old Standard TT\", serif","font-name":"Old Standard TT","css-name":"Old+Standard+TT","google":1},{"font-family":"\"Open Sans Condensed\", sans-serif","font-name":"Open Sans Condensed","css-name":"Open+Sans+Condensed","google":1},{"font-family":"\"Open Sans\", sans-serif","font-name":"Open Sans","css-name":"Open+Sans","google":1},{"font-family":"\"Orbitron\", sans-serif","font-name":"Orbitron","css-name":"Orbitron","google":1},{"font-family":"\"Oswald\", sans-serif","font-name":"Oswald","css-name":"Oswald","google":1},{"font-family":"\"Over the Rainbow\", cursive","font-name":"Over the Rainbow","css-name":"Over+the+Rainbow","google":1},{"font-family":"\"Ovo\", serif","font-name":"Ovo","css-name":"Ovo","google":1},{"font-family":"\"PT Sans Caption\", sans-serif","font-name":"PT Sans Caption","css-name":"PT+Sans+Caption","google":1},{"font-family":"\"PT Sans Narrow\", sans-serif","font-name":"PT Sans Narrow","css-name":"PT+Sans+Narrow","google":1},{"font-family":"\"PT Sans\", sans-serif","font-name":"PT Sans","css-name":"PT+Sans","google":1},{"font-family":"\"PT Serif Caption\", serif","font-name":"PT Serif Caption","css-name":"PT+Serif+Caption","google":1},{"font-family":"\"PT Serif\", serif","font-name":"PT Serif","css-name":"PT+Serif","google":1},{"font-family":"\"Pacifico\", cursive","font-name":"Pacifico","css-name":"Pacifico","google":1},{"font-family":"\"Passero One\", cursive","font-name":"Passero One","css-name":"Passero+One","google":1},{"font-family":"\"Patrick Hand\", cursive","font-name":"Patrick Hand","css-name":"Patrick+Hand","google":1},{"font-family":"\"Paytone One\", sans-serif","font-name":"Paytone One","css-name":"Paytone+One","google":1},{"font-family":"\"Permanent Marker\", cursive","font-name":"Permanent Marker","css-name":"Permanent+Marker","google":1},{"font-family":"\"Petrona\", serif","font-name":"Petrona","css-name":"Petrona","google":1},{"font-family":"\"Philosopher\", sans-serif","font-name":"Philosopher","css-name":"Philosopher","google":1},{"font-family":"\"Piedra\", cursive","font-name":"Piedra","css-name":"Piedra","google":1},{"font-family":"\"Pinyon Script\", cursive","font-name":"Pinyon Script","css-name":"Pinyon+Script","google":1},{"font-family":"\"Play\", sans-serif","font-name":"Play","css-name":"Play","google":1},{"font-family":"\"Playfair Display\", serif","font-name":"Playfair Display","css-name":"Playfair+Display","google":1},{"font-family":"\"Podkova\", serif","font-name":"Podkova","css-name":"Podkova","google":1},{"font-family":"\"Poller One\", cursive","font-name":"Poller One","css-name":"Poller+One","google":1},{"font-family":"\"Poly\", serif","font-name":"Poly","css-name":"Poly","google":1},{"font-family":"\"Pompiere\", cursive","font-name":"Pompiere","css-name":"Pompiere","google":1},{"font-family":"\"Prata\", serif","font-name":"Prata","css-name":"Prata","google":1},{"font-family":"\"Prociono\", serif","font-name":"Prociono","css-name":"Prociono","google":1},{"font-family":"\"Puritan\", sans-serif","font-name":"Puritan","css-name":"Puritan","google":1},{"font-family":"\"Quattrocento Sans\", sans-serif","font-name":"Quattrocento Sans","css-name":"Quattrocento+Sans","google":1},{"font-family":"\"Quattrocento\", serif","font-name":"Quattrocento","css-name":"Quattrocento","google":1},{"font-family":"\"Questrial\", sans-serif","font-name":"Questrial","css-name":"Questrial","google":1},{"font-family":"\"Quicksand\", sans-serif","font-name":"Quicksand","css-name":"Quicksand","google":1},{"font-family":"\"Radley\", serif","font-name":"Radley","css-name":"Radley","google":1},{"font-family":"\"Raleway\", cursive","font-name":"Raleway","css-name":"Raleway","google":1},{"font-family":"\"Rammetto One\", cursive","font-name":"Rammetto One","css-name":"Rammetto+One","google":1},{"font-family":"\"Rancho\", cursive","font-name":"Rancho","css-name":"Rancho","google":1},{"font-family":"\"Rationale\", sans-serif","font-name":"Rationale","css-name":"Rationale","google":1},{"font-family":"\"Redressed\", cursive","font-name":"Redressed","css-name":"Redressed","google":1},{"font-family":"\"Reenie Beanie\", cursive","font-name":"Reenie Beanie","css-name":"Reenie+Beanie","google":1},{"font-family":"\"Ribeye Marrow\", cursive","font-name":"Ribeye Marrow","css-name":"Ribeye+Marrow","google":1},{"font-family":"\"Ribeye\", cursive","font-name":"Ribeye","css-name":"Ribeye","google":1},{"font-family":"\"Righteous\", cursive","font-name":"Righteous","css-name":"Righteous","google":1},{"font-family":"\"Rochester\", cursive","font-name":"Rochester","css-name":"Rochester","google":1},{"font-family":"\"Rock Salt\", cursive","font-name":"Rock Salt","css-name":"Rock+Salt","google":1},{"font-family":"\"Rokkitt\", serif","font-name":"Rokkitt","css-name":"Rokkitt","google":1},{"font-family":"\"Rosario\", sans-serif","font-name":"Rosario","css-name":"Rosario","google":1},{"font-family":"\"Ruslan Display\", cursive","font-name":"Ruslan Display","css-name":"Ruslan+Display","google":1},{"font-family":"\"Salsa\", cursive","font-name":"Salsa","css-name":"Salsa","google":1},{"font-family":"\"Sancreek\", cursive","font-name":"Sancreek","css-name":"Sancreek","google":1},{"font-family":"\"Sansita One\", cursive","font-name":"Sansita One","css-name":"Sansita+One","google":1},{"font-family":"\"Satisfy\", cursive","font-name":"Satisfy","css-name":"Satisfy","google":1},{"font-family":"\"Schoolbell\", cursive","font-name":"Schoolbell","css-name":"Schoolbell","google":1},{"font-family":"\"Shadows Into Light\", cursive","font-name":"Shadows Into Light","css-name":"Shadows+Into+Light","google":1},{"font-family":"\"Shanti\", sans-serif","font-name":"Shanti","css-name":"Shanti","google":1},{"font-family":"\"Short Stack\", cursive","font-name":"Short Stack","css-name":"Short+Stack","google":1},{"font-family":"\"Sigmar One\", sans-serif","font-name":"Sigmar One","css-name":"Sigmar+One","google":1},{"font-family":"\"Signika Negative\", sans-serif","font-name":"Signika Negative","css-name":"Signika+Negative","google":1},{"font-family":"\"Signika\", sans-serif","font-name":"Signika","css-name":"Signika","google":1},{"font-family":"\"Six Caps\", sans-serif","font-name":"Six Caps","css-name":"Six+Caps","google":1},{"font-family":"\"Slackey\", cursive","font-name":"Slackey","css-name":"Slackey","google":1},{"font-family":"\"Smokum\", cursive","font-name":"Smokum","css-name":"Smokum","google":1},{"font-family":"\"Smythe\", cursive","font-name":"Smythe","css-name":"Smythe","google":1},{"font-family":"\"Sniglet\", cursive","font-name":"Sniglet","css-name":"Sniglet","google":1},{"font-family":"\"Snippet\", sans-serif","font-name":"Snippet","css-name":"Snippet","google":1},{"font-family":"\"Sorts Mill Goudy\", serif","font-name":"Sorts Mill Goudy","css-name":"Sorts+Mill+Goudy","google":1},{"font-family":"\"Special Elite\", cursive","font-name":"Special Elite","css-name":"Special+Elite","google":1},{"font-family":"\"Spinnaker\", sans-serif","font-name":"Spinnaker","css-name":"Spinnaker","google":1},{"font-family":"\"Spirax\", cursive","font-name":"Spirax","css-name":"Spirax","google":1},{"font-family":"\"Stardos Stencil\", cursive","font-name":"Stardos Stencil","css-name":"Stardos+Stencil","google":1},{"font-family":"\"Sue Ellen Francisco\", cursive","font-name":"Sue Ellen Francisco","css-name":"Sue+Ellen+Francisco","google":1},{"font-family":"\"Sunshiney\", cursive","font-name":"Sunshiney","css-name":"Sunshiney","google":1},{"font-family":"\"Supermercado One\", cursive","font-name":"Supermercado One","css-name":"Supermercado+One","google":1},{"font-family":"\"Swanky and Moo Moo\", cursive","font-name":"Swanky and Moo Moo","css-name":"Swanky+and+Moo+Moo","google":1},{"font-family":"\"Syncopate\", sans-serif","font-name":"Syncopate","css-name":"Syncopate","google":1},{"font-family":"\"Tangerine\", cursive","font-name":"Tangerine","css-name":"Tangerine","google":1},{"font-family":"\"Tenor Sans\", sans-serif","font-name":"Tenor Sans","css-name":"Tenor+Sans","google":1},{"font-family":"\"Terminal Dosis\", sans-serif","font-name":"Terminal Dosis","css-name":"Terminal+Dosis","google":1},{"font-family":"\"The Girl Next Door\", cursive","font-name":"The Girl Next Door","css-name":"The+Girl+Next+Door","google":1},{"font-family":"\"Tienne\", serif","font-name":"Tienne","css-name":"Tienne","google":1},{"font-family":"\"Tinos\", serif","font-name":"Tinos","css-name":"Tinos","google":1},{"font-family":"\"Tulpen One\", cursive","font-name":"Tulpen One","css-name":"Tulpen+One","google":1},{"font-family":"\"Ubuntu Condensed\", sans-serif","font-name":"Ubuntu Condensed","css-name":"Ubuntu+Condensed","google":1},{"font-family":"\"Ubuntu Mono\", sans-serif","font-name":"Ubuntu Mono","css-name":"Ubuntu+Mono","google":1},{"font-family":"\"Ubuntu\", sans-serif","font-name":"Ubuntu","css-name":"Ubuntu","google":1},{"font-family":"\"Ultra\", serif","font-name":"Ultra","css-name":"Ultra","google":1},{"font-family":"\"UnifrakturCook\", cursive","font-name":"UnifrakturCook","css-name":"UnifrakturCook","google":1},{"font-family":"\"UnifrakturMaguntia\", cursive","font-name":"UnifrakturMaguntia","css-name":"UnifrakturMaguntia","google":1},{"font-family":"\"Unkempt\", cursive","font-name":"Unkempt","css-name":"Unkempt","google":1},{"font-family":"\"Unlock\", cursive","font-name":"Unlock","css-name":"Unlock","google":1},{"font-family":"\"Unna\", serif","font-name":"Unna","css-name":"Unna","google":1},{"font-family":"\"VT323\", cursive","font-name":"VT323","css-name":"VT323","google":1},{"font-family":"\"Varela Round\", sans-serif","font-name":"Varela Round","css-name":"Varela+Round","google":1},{"font-family":"\"Varela\", sans-serif","font-name":"Varela","css-name":"Varela","google":1},{"font-family":"\"Vast Shadow\", cursive","font-name":"Vast Shadow","css-name":"Vast+Shadow","google":1},{"font-family":"\"Vibur\", cursive","font-name":"Vibur","css-name":"Vibur","google":1},{"font-family":"\"Vidaloka\", serif","font-name":"Vidaloka","css-name":"Vidaloka","google":1},{"font-family":"\"Volkhov\", serif","font-name":"Volkhov","css-name":"Volkhov","google":1},{"font-family":"\"Vollkorn\", serif","font-name":"Vollkorn","css-name":"Vollkorn","google":1},{"font-family":"\"Voltaire\", sans-serif","font-name":"Voltaire","css-name":"Voltaire","google":1},{"font-family":"\"Waiting for the Sunrise\", cursive","font-name":"Waiting for the Sunrise","css-name":"Waiting+for+the+Sunrise","google":1},{"font-family":"\"Wallpoet\", cursive","font-name":"Wallpoet","css-name":"Wallpoet","google":1},{"font-family":"\"Walter Turncoat\", cursive","font-name":"Walter Turncoat","css-name":"Walter+Turncoat","google":1},{"font-family":"\"Wire One\", sans-serif","font-name":"Wire One","css-name":"Wire+One","google":1},{"font-family":"\"Yanone Kaffeesatz\", sans-serif","font-name":"Yanone Kaffeesatz","css-name":"Yanone+Kaffeesatz","google":1},{"font-family":"\"Yellowtail\", cursive","font-name":"Yellowtail","css-name":"Yellowtail","google":1},{"font-family":"\"Yeseva One\", serif","font-name":"Yeseva One","css-name":"Yeseva+One","google":1},{"font-family":"\"Zeyada\", cursive","font-name":"Zeyada","css-name":"Zeyada"}]